Quantity,Revenue,Expense
112,48881.43,37703.65
445,61134.53,41100.23
358,135231.86,106777.17
280,87411.63,43383.46
116,23725.97,16404.53
81,45877.43,38282.06
198,37146.17,24354.89
30,10105.07,7293.65
112,12798.19,8651.96
131,10765.27,7459.66
476,163608.65,109431.42
224,36197.29,22950.16
340,37330.36,29765.25
468,115431.83,52578.2
97,9828.31,7069.5
382,172808.86,121740.17
109,9984.3,7710.68
369,119232.48,85795.31
161,42529.62,34961.88
140,50715.14,44709.64
159,34634.04,20923.66
318,46147.36,25487.55
267,131463.64,84218.05
353,152620.28,88453.88
423,186699.48,135679.67
303,56086.99,48253.52
395,38042.68,19500.77
201,41681.67,20647.33
453,138425.3,78238.95
286,62117.35,48249.22
170,72709.85,52120.84
469,91008.52,45139.84
323,156786.06,135375.0
31,8433.59,6793.58
262,113616.22,52304.38
245,39601.71,29428.63
354,89480.1,71321.1
58,67976.47,33621.05
484,66844.42,32153.15
68,9231.21,4475.24
179,87209.78,43335.51
485,184363.02,152689.06
197,19157.93,16472.15
473,117069.76,59151.24
280,73382.04,40811.99
199,78107.08,40965.93
455,84339.45,45024.14
184,28965.31,23950.57
455,51854.82,31085.2
60,15593.52,9202.52
373,137700.39,76055.79
64,6684.24,4836.4
253,117490.61,72924.96
329,87444.23,68636.06
140,25299.5,13725.25
494,58996.83,47463.27
316,222756.34,53704.78
144,68045.45,34119.37
30,10442.21,6646.75
338,100390.2,84185.53
176,62653.67,54216.23
283,209387.86,101797.19
397,153486.76,102279.99
98,9804.0,8463.83
325,103264.08,73749.21
23,3372.52,1567.49
251,32747.76,28187.21
274,61263.51,34411.83
355,42087.24,29879.18
62,7411.85,3887.37
395,83263.47,38737.96
349,171496.65,101210.97
101,15517.51,12432.99
376,32790.08,18851.48
453,181477.72,99639.2
464,194371.2,106069.6
437,98520.7,67174.18
273,75119.5,66780.75
440,155278.18,101947.12
44,4408.13,3089.16
215,308796.5,241000.84
90,40716.52,28126.21
429,81327.81,43348.4
59,5099.25,2982.13
369,174183.96,102676.5
397,115303.39,72501.98
11,3371.92,2164.96
399,146538.65,118681.93
63,21335.42,12955.38
115,54789.96,36199.97
269,128201.55,93745.99
319,141707.31,87855.23
486,168782.7,139491.17
200,83279.74,59491.23
411,149772.8,87215.71
227,72824.81,56171.72
53,7100.42,4881.12
171,71940.68,49675.41
211,89605.07,59720.85
455,156017.07,105101.74
493,209317.58,166284.05
279,98660.99,48969.56
360,60050.68,36058.22
313,61054.93,29549.15
280,47635.68,37582.68
465,110878.7,63482.03
471,45387.69,38753.99
224,76085.33,52267.6
261,57773.07,46815.68
199,70725.3,62982.23
305,73769.31,61073.98
222,81313.66,68315.44
217,48404.52,30668.77
246,46614.96,32550.07
347,100052.5,56454.61
376,139501.25,75086.67
62,14030.69,9505.49
289,136810.35,98198.65
419,40416.01,24357.6
226,57751.44,40786.93
261,126946.18,107822.65
197,61099.19,42801.5
389,100306.68,77674.07
50,15938.93,12948.65
166,53433.46,47819.1
24,9295.01,6705.78
310,41425.2,33682.11
74,13690.51,12091.35
354,114635.28,100304.08
336,149247.5,76636.62
18,5687.71,3599.62
353,63614.37,37901.16
138,50443.8,24672.88
145,56660.44,41643.07
481,86608.47,67654.82
72,17182.52,14289.98
148,144332.71,59919.15
90,25970.01,21929.07
401,97699.48,72230.84
172,35261.17,27037.41
428,52213.28,44891.98
298,30534.22,22324.87
388,187243.92,112559.74
270,440238.64,233163.57
499,114301.03,70109.58
240,115645.53,53821.74
50,18212.17,15003.08
37,10458.38,6330.84
144,41338.19,32997.2
210,24145.69,14807.13
337,39939.81,33448.81
277,92247.98,50623.82
427,133461.11,118586.37
42,7112.52,5696.36
57,27211.9,13644.24
416,169788.05,119632.57
71,9063.51,8097.48
225,105972.8,70151.82
302,147733.64,78586.65
108,53815.44,35956.8
181,18727.33,12745.93
369,143745.77,112662.06
223,68970.47,52726.59
484,182201.42,114995.98
44,21420.69,11740.9
458,168989.45,125098.56
236,314566.3,106812.66
110,48849.33,24889.92
440,190151.25,162628.29
471,121969.42,92824.8
140,24287.49,18396.14
266,262953.41,104974.33
14,6364.35,4380.89
227,32137.3,26248.93
264,78037.61,52608.34
407,72428.01,34782.02
368,119286.57,75432.25
292,129215.31,87072.92
402,180799.98,139955.66
216,83588.88,35998.27
24,11069.55,5678.77
355,581671.44,125077.97
51,11581.67,6600.68
389,146822.64,114445.76
470,132681.06,74676.72
188,44885.9,32986.38
72,27081.75,18210.4
361,66591.56,47145.65
240,52489.45,43416.55
250,65617.44,41468.37
61,11379.34,9068.31
105,26269.41,16810.22
397,127047.41,77402.63
231,90369.28,79649.88
494,198697.59,105899.24
416,177037.93,86863.95
240,94216.54,75085.27
246,90044.99,43285.74
152,27322.41,22587.04
180,44656.85,28881.24
38,10664.33,9192.45
45,5166.65,4002.55
22,6642.14,4813.44
169,44491.12,39027.08
336,140073.66,88035.2
196,96180.78,84575.53
252,79007.57,40353.16
95,20475.19,13671.07
293,97008.21,42857.46
75,35126.26,24340.02
179,83419.12,43620.38
54,10057.82,8334.8
71,26417.16,21949.58
450,50257.13,44219.05
143,21422.9,11131.39
293,50120.53,36613.03
37,7536.44,4999.72
117,58295.15,35266.98
53,19753.55,12013.97
349,84236.3,53553.83
295,114926.78,88173.72
455,211305.1,151976.7
340,164102.7,107791.96
137,44309.82,12147.0
357,87714.6,42541.09
482,60171.7,27140.61
240,53034.53,46960.21
199,30101.85,13617.0
234,82292.26,40849.23
394,95770.65,56654.9
386,68069.48,55363.87
292,55974.63,49422.49
455,105261.95,84789.14
130,24593.26,18709.38
125,33795.14,23135.66
470,43979.17,21506.58
242,47795.16,42115.99
268,67725.43,53589.55
368,122605.97,90425.24
207,40117.06,31755.3
465,63211.05,49042.08
420,47041.75,34658.21
146,69353.41,61811.89
327,83381.21,71417.15
174,56391.36,41785.96
234,109056.67,83093.42
316,36262.37,17160.01
243,108912.07,81843.38
181,56411.71,26506.42
161,24026.09,17171.9
472,119287.21,107323.79
324,131736.12,92230.16
383,107912.33,71539.89
169,83455.6,49304.29
105,25014.19,12613.03
481,189909.81,147932.27
242,59303.45,31826.36
189,80939.06,40621.44
122,38919.73,24900.58
327,34882.71,28181.88
451,43054.8,33810.03
61,8309.29,3944.4
277,23750.6,15552.24
304,33941.84,23253.41
395,146355.42,108309.74
396,120552.47,89519.29
122,48185.43,29591.33
110,50988.26,35809.29
122,39743.06,26487.87
449,172851.87,146621.47
90,35817.67,24664.74
196,46784.66,30338.19
122,22113.19,13975.94
11,1827.31,1292.99
139,25799.21,20943.53
229,44743.7,30975.2
63,10523.24,7868.7
352,157996.14,123558.53
494,770701.35,297507.66
233,23229.29,14914.78
234,45125.13,38108.15
394,35191.13,22447.64
412,119162.5,78393.95
135,37801.15,33856.73
139,59655.47,26851.34
62,12974.52,6921.42
181,76541.64,47668.89
227,110446.62,96051.61
169,19795.22,9531.66
207,85400.64,38794.82
425,139307.13,65990.86
256,352181.64,61411.44
333,85456.13,39901.05
448,183483.18,122181.74
212,73888.74,52560.07
193,80696.92,46179.55
132,60630.69,38150.61
410,139092.81,68331.39
264,129833.71,78077.67
303,101625.26,69626.88
289,100395.89,78260.83
334,104549.53,47204.73
381,45042.15,29740.88
107,93381.36,54356.78
207,64154.98,53490.49
479,129034.16,99614.24
404,186808.77,133586.73
249,51080.6,29359.57
153,45886.68,39446.61
106,39539.02,18595.01
210,87048.81,43460.03
133,36299.11,22731.72
196,85000.97,43010.22
335,134986.73,118840.57
473,50998.44,41262.59
358,35535.7,20132.47
268,91317.89,65278.54
157,35468.44,31639.58
261,43804.92,37141.73
452,146200.74,105317.07
429,95862.86,82123.39
412,125928.06,112722.39
355,97003.77,76100.31
460,149776.81,71779.62
156,38707.69,24413.37
157,177489.43,102399.67
361,187594.24,83435.17
208,77486.37,63832.43
317,80168.57,40417.18
498,222712.27,104925.41
426,126266.03,78643.64
433,211609.85,98722.21
137,45595.36,40159.1
48,8352.8,6864.27
347,147527.77,119548.59
369,83000.91,60872.87
138,31188.01,17070.63
276,25766.8,17604.32
485,150573.31,108228.08
450,137006.04,94022.34
482,110626.92,62737.08
443,762556.63,231152.83
160,21451.89,14394.95
424,92704.12,83280.85
487,104736.54,89428.9
307,36459.95,24009.65
108,30464.76,22249.08
272,100332.53,78915.77
261,76967.84,35843.1
153,22327.39,19038.89
355,227928.06,108418.1
121,9811.88,6435.07
69,30683.37,19208.6
378,43657.92,25008.64
11,3639.42,2418.41
394,194725.81,91515.19
313,95580.21,79664.87
263,123109.65,57361.72
149,26696.17,15966.26
462,184421.75,160302.2
46,13944.05,10888.15
169,64662.23,37285.92
18,1911.3,1077.39
242,34376.2,15547.91
108,14678.18,11200.5
156,57503.08,27138.73
313,136050.17,93829.88
217,85680.02,75651.6
140,12991.76,6486.28
413,183467.11,156408.64
161,36827.4,33003.38
63,15548.96,7427.47
129,16001.81,13558.46
170,66250.73,45198.6
417,65285.2,56010.21
125,39608.17,28006.68
84,36380.25,27210.62
122,14330.83,9955.63
465,141751.04,118932.21
429,76340.93,59565.74
431,390126.97,195736.91
113,31534.61,26510.28
349,79971.19,44814.13
263,92708.97,48283.14
236,66416.18,34681.2
121,39369.02,23633.38
482,187722.34,104638.41
108,33939.19,29477.57
162,52867.87,26308.39
358,113511.99,86785.12
411,98263.73,52585.81
393,87138.97,73783.77
375,171694.47,151536.14
347,116305.1,76698.73
203,37073.55,31348.73
319,237237.26,110725.4
172,37624.37,30813.46
217,102456.67,56646.38
454,37756.65,32429.78
178,31085.88,14004.31
493,115090.78,80595.98
170,48429.62,38282.94
77,33675.44,19074.1
298,34840.02,18705.95
407,170314.54,83086.96
286,29565.1,17647.26
313,135770.6,95301.45
413,41996.69,21087.79
393,34451.1,21342.9
401,149462.25,67868.2
144,71834.01,58789.37
204,93141.57,47297.47
410,439150.84,208295.39
137,63746.94,29214.74
42,3453.49,2225.8
185,90562.72,74990.88
469,134187.69,84064.3
452,173394.59,92033.31
380,161409.49,127378.64
479,182859.23,147194.94
384,117010.72,61803.78
31,8685.59,6921.41
247,106754.55,93547.31
167,27744.14,14562.06
47,22868.2,18224.65
239,90485.41,69570.38
374,61258.55,40621.05
60,23353.43,11117.73
447,135232.17,65399.96
273,102931.0,85801.9
292,117520.48,105247.43
36,4199.83,3167.61
235,68752.46,44735.94
286,134833.56,99966.7
295,63327.57,45436.15
106,34919.68,21741.88
293,68877.5,33028.95
376,101818.0,83458.26
457,141858.88,87573.05
490,152168.14,124542.56
462,76103.78,42894.29
326,119811.54,53970.7
313,36591.14,19083.09
156,21575.8,14258.21
13,1054.8,922.88
44,5676.54,2815.49
201,56024.69,46746.69
58,19404.64,13334.11
26,10753.64,8835.88
181,22591.28,13199.37
229,100142.97,82916.0
167,65682.65,52399.67
486,122266.75,67677.6
55,25950.87,13211.61
382,189544.73,159335.93
15,2491.51,2201.14
108,25841.81,11992.82
389,182483.31,142167.55
242,92703.07,79658.46
46,17752.14,8221.18
289,117980.23,104298.56
358,153129.19,121284.8
311,122910.56,79773.19
190,79003.06,46641.7
104,44361.8,26365.73
108,17095.33,13265.81
197,35261.14,27702.09
490,169627.51,91626.27
125,57662.97,48474.68
200,42560.51,32844.62
262,324557.16,147797.63
478,175355.48,116118.58
425,114672.83,79635.09
480,182298.54,95097.96
170,77836.26,42161.22
265,90662.5,44517.47
332,101827.07,52863.13
137,36205.37,23684.18
27,8708.69,5997.32
290,66483.15,30451.8
499,121966.82,98617.37
232,70384.19,40990.04
63,6802.74,5852.58
67,11804.77,10451.71
332,102254.91,54548.54
369,96398.23,63424.62
183,40220.22,18121.39
289,111794.05,80407.57
123,45677.45,33037.95
297,44558.0,25014.55
440,197570.66,138553.48
351,101115.35,55764.41
160,62626.17,32714.13
459,147212.02,109405.58
136,67868.2,40494.68
164,64945.53,46476.24
499,188088.97,121310.05
395,160765.08,143556.49
483,67674.94,35009.01
282,46786.26,30835.39
